<?xml version="1.0" encoding="UTF-8"?>
<metadata modelVersion="1.1.0">
  <groupId>edu.emmerson.camel.java8.vault</groupId>
  <artifactId>camel-java8-vault-client</artifactId>
  <version>0.0.1-SNAPSHOT</version>
  <versioning>
    <snapshot>
      <localCopy>true</localCopy>
    </snapshot>
    <lastUpdated>20190903001103</lastUpdated>
    <snapshotVersions>
      <snapshotVersion>
        <classifier>jar-with-dependencies</classifier>
        <extension>jar</extension>
        <value>0.0.1-SNAPSHOT</value>
        <updated>20190903001103</updated>
      </snapshotVersion>
      <snapshotVersion>
        <extension>jar</extension>
        <value>0.0.1-SNAPSHOT</value>
        <updated>20190903001103</updated>
      </snapshotVersion>
      <snapshotVersion>
        <extension>pom</extension>
        <value>0.0.1-SNAPSHOT</value>
        <updated>20190903001103</updated>
      </snapshotVersion>
    </snapshotVersions>
  </versioning>
</metadata>
